EXP_RAT_NUM,EXP,PSS,olderimale,olderi,Juvenailemale,Juvenaile,femaleolderi,femaleJuvenaile,femaleyoung,inactive,HFD,FD,LEW,EBR,MBR,PBR,ANX_i,STR,FREAZING,female,active
1,PSS - male -Young - 3 Month,1,0,0,0,0,0,0,0,1,0,0,0,0,0,1,0.82,85.2,0.21,0,0
2,PSS - male -Young - 3 Month,1,0,0,0,0,0,0,0,1,0,0,0,0,0,1,0.91,136.2,0.36,0,0
3,PSS - male -Young - 3 Month,1,0,0,0,0,0,0,0,1,0,0,0,0,0,1,0.81,146.2,0.37,0,0
4,PSS - male -Young - 3 Month,1,0,0,0,0,0,0,0,1,0,0,0,0,0,1,0.9,174.3,0.41,0,0
5,PSS - male -Young - 3 Month,1,0,0,0,0,0,0,0,1,0,0,0,0,0,1,0.84,625.5,0.19,0,0
6,PSS - male -Young - 3 Month,1,0,0,0,0,0,0,0,1,0,0,0,0,0,1,0.85,378.5,0.23,0,0
7,PSS - male -Young - 3 Month,1,0,0,0,0,0,0,0,1,0,0,0,0,0,1,0.86,278.2,0.21,0,0
8,PSS - male -Young - 3 Month,1,0,0,0,0,0,0,0,1,0,0,0,1,0,0,1,875.3,0.48,0,0
9,PSS - male -Young - 3 Month,1,0,0,0,0,0,0,0,1,0,0,0,1,0,0,1,978.3,0.42,0,0
10,PSS - male -Young - 3 Month,1,0,0,0,0,0,0,0,1,0,0,0,0,0,1,0.92,865.2,0.28,0,0
11,PSS - male -Young - 3 Month,1,0,0,0,0,0,0,0,1,0,0,0,0,0,1,0.88,285.6,0.26,0,0
12,PSS - male -Young - 3 Month,1,0,0,0,0,0,0,0,1,0,0,0,0,0,1,0.9,308.6,0.42,0,0
13,PSS - male -Young - 3 Month,1,0,0,0,0,0,0,0,1,0,0,0,0,0,1,0.89,461.2,0.29,0,0
14,PSS - male -Young - 3 Month,1,0,0,0,0,0,0,0,1,0,0,0,1,0,0,1,1014.3,0.32,0,0
15,PSS - male -Young - 3 Month,1,0,0,0,0,0,0,0,1,0,0,0,1,0,0,1,896.3,0.43,0,0
16,PSS - male -Young - 3 Month,1,0,0,0,0,0,0,0,1,0,0,0,1,0,0,1,786.3,0.48,0,0
17,PSS - male -Young - 3 Month,1,0,0,0,0,0,0,0,1,0,0,0,0,0,1,0.93,958.3,0.29,0,0
18,PSS - male -Young - 3 Month,1,0,0,0,0,0,0,0,1,0,0,0,0,0,1,0.87,658.2,0.27,0,0
19,PSS - male -Young - 3 Month,1,0,0,0,0,0,0,0,1,0,0,0,0,0,1,0.93,578.6,0.36,0,0
20,PSS - male -Young - 3 Month,1,0,0,0,0,0,0,0,1,0,0,0,0,0,1,0.93,605.8,0.39,0,0
21,PSS - male -Young - 3 Month,1,0,0,0,0,0,0,0,1,0,0,0,0,0,1,0.88,471.1,0.28,0,0
22,PSS - male -Young - 3 Month,1,0,0,0,0,0,0,0,1,0,0,0,0,0,1,0.93,385.6,0.31,0,0
23,PSS - male -Young - 3 Month,1,0,0,0,0,0,0,0,1,0,0,0,1,0,0,1,778.3,0.56,0,0
24,PSS - male -Young - 3 Month,1,0,0,0,0,0,0,0,1,0,0,0,0,0,1,0.93,365.2,0.36,0,0
25,PSS - male -Young - 3 Month,1,0,0,0,0,0,0,0,1,0,0,0,0,0,1,0.84,459.1,0.39,0,0
26,PSS - male -Young - 3 Month,1,0,0,0,0,0,0,0,1,0,0,0,0,0,1,0.85,658.2,0.44,0,0
27,PSS - male -Young - 3 Month,1,0,0,0,0,0,0,0,1,0,0,0,1,0,0,1,893.2,0.48,0,0
28,PSS - male -Young - 3 Month,1,0,0,0,0,0,0,0,1,0,0,0,0,0,1,0.88,785.2,0.22,0,0
29,PSS - male -Young - 3 Month,1,0,0,0,0,0,0,0,1,0,0,0,0,0,1,0.8,396.2,0.07,0,0
30,PSS - male -Young - 3 Month,1,0,0,0,0,0,0,0,1,0,0,0,0,0,1,0.91,478.2,0.36,0,0
1,CONTROL -Male- Young - 3 month,0,0,0,0,0,0,0,0,1,0,0,0,0,1,0,0.74,85.5,0.12,0,0
2,CONTROL -Male- Young - 3 month,0,0,0,0,0,0,0,0,1,0,0,0,0,1,0,0.69,147.2,0.07,0,0
3,CONTROL -Male- Young - 3 month,0,0,0,0,0,0,0,0,1,0,0,0,0,0,1,0.76,138.6,0.08,0,0
4,CONTROL -Male- Young - 3 month,0,0,0,0,0,0,0,0,1,0,0,0,0,0,1,0.75,205.2,0.05,0,0
5,CONTROL -Male- Young - 3 month,0,0,0,0,0,0,0,0,1,0,0,0,0,0,1,0.76,98.1,0.05,0,0
6,CONTROL -Male- Young - 3 month,0,0,0,0,0,0,0,0,1,0,0,0,0,1,0,0.76,116.2,0.05,0,0
7,CONTROL -Male- Young - 3 month,0,0,0,0,0,0,0,0,1,0,0,0,0,0,1,0.83,124.8,0.29,0,0
8,CONTROL -Male- Young - 3 month,0,0,0,0,0,0,0,0,1,0,0,0,0,0,1,0.88,147.5,0.36,0,0
9,CONTROL -Male- Young - 3 month,0,0,0,0,0,0,0,0,1,0,0,0,0,0,1,0.73,228.6,0.35,0,0
10,CONTROL -Male- Young - 3 month,0,0,0,0,0,0,0,0,1,0,0,0,0,0,1,0.67,225.6,0.14,0,0
11,CONTROL -Male- Young - 3 month,0,0,0,0,0,0,0,0,1,0,0,0,0,1,0,0.71,106.2,0.16,0,0
12,CONTROL -Male- Young - 3 month,0,0,0,0,0,0,0,0,1,0,0,0,0,1,0,0.73,84.3,0.28,0,0
13,CONTROL -Male- Young - 3 month,0,0,0,0,0,0,0,0,1,0,0,0,0,0,1,0.72,185.5,0.09,0,0
14,CONTROL -Male- Young - 3 month,0,0,0,0,0,0,0,0,1,0,0,0,0,0,1,0.82,248.2,0.08,0,0
15,CONTROL -Male- Young - 3 month,0,0,0,0,0,0,0,0,1,0,0,0,0,0,1,0.73,165.3,0.14,0,0
16,CONTROL -Male- Young - 3 month,0,0,0,0,0,0,0,0,1,0,0,0,0,0,1,0.79,185.2,0.18,0,0
17,CONTROL -Male- Young - 3 month,0,0,0,0,0,0,0,0,1,0,0,0,0,0,1,0.78,174.6,0.05,0,0
18,CONTROL -Male- Young - 3 month,0,0,0,0,0,0,0,0,1,0,0,0,0,0,1,0.75,325.3,0.06,0,0
19,CONTROL -Male- Young - 3 month,0,0,0,0,0,0,0,0,1,0,0,0,0,0,1,0.83,145.5,0.09,0,0
20,CONTROL -Male- Young - 3 month,0,0,0,0,0,0,0,0,1,0,0,0,0,0,1,0.76,105.3,0.17,0,0
21,CONTROL -Male- Young - 3 month,0,0,0,0,0,0,0,0,1,0,0,0,0,0,1,0.68,68.5,0.23,0,0
22,CONTROL -Male- Young - 3 month,0,0,0,0,0,0,0,0,1,0,0,0,0,0,1,0.75,148.5,0.25,0,0
23,CONTROL -Male- Young - 3 month,0,0,0,0,0,0,0,0,1,0,0,0,0,0,1,0.88,168.5,0.26,0,0
24,CONTROL -Male- Young - 3 month,0,0,0,0,0,0,0,0,1,0,0,0,0,0,1,0.83,179.6,0.36,0,0
25,CONTROL -Male- Young - 3 month,0,0,0,0,0,0,0,0,1,0,0,0,0,0,1,0.85,126.7,0.38,0,0
26,CONTROL -Male- Young - 3 month,0,0,0,0,0,0,0,0,1,0,0,0,0,1,0,0.68,88.4,0.37,0,0
27,CONTROL -Male- Young - 3 month,0,0,0,0,0,0,0,0,1,0,0,0,0,1,0,0.75,116.7,0.14,0,0
28,CONTROL -Male- Young - 3 month,0,0,0,0,0,0,0,0,1,0,0,0,0,1,0,0.88,178.6,0.29,0,0
29,CONTROL -Male- Young - 3 month,0,0,0,0,0,0,0,0,1,0,0,0,0,1,0,0.83,125.5,0.32,0,0
30,CONTROL -Male- Young - 3 month,0,0,0,0,0,0,0,0,1,0,0,0,0,1,0,0.83,125.3,0.41,0,0
1,PSS - Female - Young 3 month,1,0,0,0,0,0,0,1,1,0,0,0,1,0,0,1,1165.2,0.41,1,0
2,PSS - Female - Young 3 month,1,0,0,0,0,0,0,1,1,0,0,0,1,0,0,1,955.9,0.44,1,0
3,PSS - Female - Young 3 month,1,0,0,0,0,0,0,1,1,0,0,0,1,0,0,1,946.8,0.51,1,0
4,PSS - Female - Young 3 month,1,0,0,0,0,0,0,1,1,0,0,0,0,0,1,0.71,325.2,0.23,1,0
5,PSS - Female - Young 3 month,1,0,0,0,0,0,0,1,1,0,0,0,0,0,1,0.85,285.3,0.26,1,0
6,PSS - Female - Young 3 month,1,0,0,0,0,0,0,1,1,0,0,0,0,0,1,0.7,165.3,0.34,1,0
7,PSS - Female - Young 3 month,1,0,0,0,0,0,0,1,1,0,0,0,0,0,1,0.86,325.3,0.18,1,0
8,PSS - Female - Young 3 month,1,0,0,0,0,0,0,1,1,0,0,0,0,0,1,0.7,574.2,0.24,1,0
9,PSS - Female - Young 3 month,1,0,0,0,0,0,0,1,1,0,0,0,0,0,1,0.82,681.5,0.17,1,0
10,PSS - Female - Young 3 month,1,0,0,0,0,0,0,1,1,0,0,0,0,0,1,0.75,521.9,0.48,1,0
11,PSS - Female - Young 3 month,1,0,0,0,0,0,0,1,1,0,0,0,0,0,1,0.8,425.2,0.36,1,0
12,PSS - Female - Young 3 month,1,0,0,0,0,0,0,1,1,0,0,0,0,0,1,0.93,125.3,0.52,1,0
13,PSS - Female - Young 3 month,1,0,0,0,0,0,0,1,1,0,0,0,0,1,0,0.62,421.5,0.08,1,0
14,PSS - Female - Young 3 month,1,0,0,0,0,0,0,1,1,0,0,0,0,1,0,0.75,536.3,0.12,1,0
15,PSS - Female - Young 3 month,1,0,0,0,0,0,0,1,1,0,0,0,0,1,0,0.74,315.7,0.31,1,0
16,PSS - Female - Young 3 month,1,0,0,0,0,0,0,1,1,0,0,0,0,0,1,0.8,125.3,0.42,1,0
17,PSS - Female - Young 3 month,1,0,0,0,0,0,0,1,1,0,0,0,0,1,0,0.66,690.4,0.25,1,0
18,PSS - Female - Young 3 month,1,0,0,0,0,0,0,1,1,0,0,0,0,1,0,0.55,314.2,0.16,1,0
19,PSS - Female - Young 3 month,1,0,0,0,0,0,0,1,1,0,0,0,0,1,0,0.59,365.7,0.07,1,0
20,PSS - Female - Young 3 month,1,0,0,0,0,0,0,1,1,0,0,0,0,0,1,0.78,685.3,0.42,1,0
21,PSS - Female - Young 3 month,1,0,0,0,0,0,0,1,1,0,0,0,0,0,1,0.83,412.2,0.39,1,0
22,PSS - Female - Young 3 month,1,0,0,0,0,0,0,1,1,0,0,0,0,0,1,0.86,362.3,0.11,1,0
23,PSS - Female - Young 3 month,1,0,0,0,0,0,0,1,1,0,0,0,0,0,1,0.83,425.3,0.18,1,0
24,PSS - Female - Young 3 month,1,0,0,0,0,0,0,1,1,0,0,0,0,1,0,0.75,745.3,0.32,1,0
25,PSS - Female - Young 3 month,1,0,0,0,0,0,0,1,1,0,0,0,0,0,1,0.89,325.3,0.29,1,0
26,PSS - Female - Young 3 month,1,0,0,0,0,0,0,1,1,0,0,0,0,0,1,0.88,425.2,0.16,1,0
27,PSS - Female - Young 3 month,1,0,0,0,0,0,0,1,1,0,0,0,0,0,1,0.81,235.3,0.17,1,0
28,PSS - Female - Young 3 month,1,0,0,0,0,0,0,1,1,0,0,0,0,1,0,0.63,115.3,0.31,1,0
29,PSS - Female - Young 3 month,1,0,0,0,0,0,0,1,1,0,0,0,0,0,1,1,675.3,0.34,1,0
30,PSS - Female - Young 3 month,1,0,0,0,0,0,0,1,1,0,0,0,0,0,1,0.81,865.3,0.18,1,0
31,PSS - Female - Young 3 month,1,0,0,0,0,0,0,1,1,0,0,0,1,0,0,1,704.3,0.47,1,0
32,PSS - Female - Young 3 month,1,0,0,0,0,0,0,1,1,0,0,0,0,0,1,0.8,325.3,0.26,1,0
1,CONTROL - Female - Young - 3 month,0,0,0,0,0,0,0,1,1,0,0,0,0,0,1,0.74,425.3,0.08,1,0
2,CONTROL - Female - Young - 3 month,0,0,0,0,0,0,0,1,1,0,0,0,0,1,0,0.71,325.3,0.14,1,0
3,CONTROL - Female - Young - 3 month,0,0,0,0,0,0,0,1,1,0,0,0,0,1,0,0.77,178.5,0.16,1,0
4,CONTROL - Female - Young - 3 month,0,0,0,0,0,0,0,1,1,0,0,0,0,1,0,0.58,462.3,0.12,1,0
5,CONTROL - Female - Young - 3 month,0,0,0,0,0,0,0,1,1,0,0,0,0,0,1,0.8,325.2,0.08,1,0
6,CONTROL - Female - Young - 3 month,0,0,0,0,0,0,0,1,1,0,0,0,0,0,1,1,148.3,0.35,1,0
7,CONTROL - Female - Young - 3 month,0,0,0,0,0,0,0,1,1,0,0,0,0,0,1,0.79,652.2,0.14,1,0
8,CONTROL - Female - Young - 3 month,0,0,0,0,0,0,0,1,1,0,0,0,0,1,0,0.54,425.2,0.51,1,0
9,CONTROL - Female - Young - 3 month,0,0,0,0,0,0,0,1,1,0,0,0,0,0,1,0.73,402.3,0.07,1,0
10,CONTROL - Female - Young - 3 month,0,0,0,0,0,0,0,1,1,0,0,0,0,1,0,0.73,302.5,0.09,1,0
11,CONTROL - Female - Young - 3 month,0,0,0,0,0,0,0,1,1,0,0,0,0,1,0,0.56,278.3,0.16,1,0
12,CONTROL - Female - Young - 3 month,0,0,0,0,0,0,0,1,1,0,0,0,0,0,1,0.55,236.2,0.12,1,0
13,CONTROL - Female - Young - 3 month,0,0,0,0,0,0,0,1,1,0,0,0,0,1,0,0.6,412.2,0.34,1,0
14,CONTROL - Female - Young - 3 month,0,0,0,0,0,0,0,1,1,0,0,0,0,0,1,0.7,102.3,0.38,1,0
15,CONTROL - Female - Young - 3 month,0,0,0,0,0,0,0,1,1,0,0,0,0,1,0,0.68,685.3,0.16,1,0
16,CONTROL - Female - Young - 3 month,0,0,0,0,0,0,0,1,1,0,0,0,0,0,1,0.79,425.2,0.19,1,0
17,CONTROL - Female - Young - 3 month,0,0,0,0,0,0,0,1,1,0,0,0,0,1,0,0.33,205.3,0.09,1,0
18,CONTROL - Female - Young - 3 month,0,0,0,0,0,0,0,1,1,0,0,0,0,1,0,0.74,365.7,0.08,1,0
19,CONTROL - Female - Young - 3 month,0,0,0,0,0,0,0,1,1,0,0,0,0,1,0,0.64,426,0.19,1,0
20,CONTROL - Female - Young - 3 month,0,0,0,0,0,0,0,1,1,0,0,0,0,0,1,0.7,322.2,0.09,1,0
21,CONTROL - Female - Young - 3 month,0,0,0,0,0,0,0,1,1,0,0,0,0,1,0,0.64,622.1,0.17,1,0
22,CONTROL - Female - Young - 3 month,0,0,0,0,0,0,0,1,1,0,0,0,0,1,0,0.6,425.3,0.35,1,0
23,CONTROL - Female - Young - 3 month,0,0,0,0,0,0,0,1,1,0,0,0,0,1,0,0.69,322.2,0.16,1,0
24,CONTROL - Female - Young - 3 month,0,0,0,0,0,0,0,1,1,0,0,0,0,0,1,0.74,88.3,0.05,1,0
25,CONTROL - Female - Young - 3 month,0,0,0,0,0,0,0,1,1,0,0,0,0,1,0,0.5,128.3,0.42,1,0
26,CONTROL - Female - Young - 3 month,0,0,0,0,0,0,0,1,1,0,0,0,0,0,1,0.76,325.3,0.38,1,0
27,CONTROL - Female - Young - 3 month,0,0,0,0,0,0,0,1,1,0,0,0,0,0,1,0.68,112.3,0.16,1,0
28,CONTROL - Female - Young - 3 month,0,0,0,0,0,0,0,1,1,0,0,0,0,0,1,0.8,136.3,0.18,1,0
29,CONTROL - Female - Young - 3 month,0,0,0,0,0,0,0,1,1,0,0,0,0,0,1,1,204.2,0.39,1,0
30,CONTROL - Female - Young - 3 month,0,0,0,0,0,0,0,1,1,0,0,0,0,0,1,1,233,0.24,1,0
1,PSS - Male - OLD - 15  m,1,1,1,0,0,0,0,0,1,0,0,0,0,0,1,0.91,425.3,0.32,0,0
2,PSS - Male - OLD - 15  m,1,1,1,0,0,0,0,0,1,0,0,0,0,1,0,0.71,504.6,0.24,0,0
3,PSS - Male - OLD - 15  m,1,1,1,0,0,0,0,0,1,0,0,0,0,0,1,0.94,685.2,0.43,0,0
4,PSS - Male - OLD - 15  m,1,1,1,0,0,0,0,0,1,0,0,0,0,0,1,0.91,124.5,0.29,0,0
5,PSS - Male - OLD - 15  m,1,1,1,0,0,0,0,0,1,0,0,0,0,0,1,0.92,625.2,0.2825,0,0
6,PSS - Male - OLD - 15  m,1,1,1,0,0,0,0,0,1,0,0,0,1,0,0,1,715.3,0.58,0,0
7,PSS - Male - OLD - 15  m,1,1,1,0,0,0,0,0,1,0,0,0,0,0,1,0.93,325.2,0.31,0,0
8,PSS - Male - OLD - 15  m,1,1,1,0,0,0,0,0,1,0,0,0,0,0,1,0.85,425.9,0.21265,0,0
9,PSS - Male - OLD - 15  m,1,1,1,0,0,0,0,0,1,0,0,0,0,0,1,0.82,347.1,0.35232,0,0
10,PSS - Male - OLD - 15  m,1,1,1,0,0,0,0,0,1,0,0,0,1,0,0,1,822.5,0.46,0,0
11,PSS - Male - OLD - 15  m,1,1,1,0,0,0,0,0,1,0,0,0,0,0,1,0.91,402.5,0.29,0,0
12,PSS - Male - OLD - 15  m,1,1,1,0,0,0,0,0,1,0,0,0,0,0,1,0.9,385.2,0.12265,0,0
13,PSS - Male - OLD - 15  m,1,1,1,0,0,0,0,0,1,0,0,0,1,0,0,1,785.3,0.42232,0,0
14,PSS - Male - OLD - 15  m,1,1,1,0,0,0,0,0,1,0,0,0,0,0,1,0.79,362.2,0.2625,0,0
15,PSS - Male - OLD - 15  m,1,1,1,0,0,0,0,0,1,0,0,0,0,0,1,0.81,286.2,0.14265,0,0
16,PSS - Male - OLD - 15  m,1,1,1,0,0,0,0,0,1,0,0,0,1,0,0,1,707.3,0.22265,0,0
17,PSS - Male - OLD - 15  m,1,1,1,0,0,0,0,0,1,0,0,0,1,0,0,1,785.5,0.48232,0,0
18,PSS - Male - OLD - 15  m,1,1,1,0,0,0,0,0,1,0,0,0,1,0,0,1,952.6,0.51,0,0
19,PSS - Male - OLD - 15  m,1,1,1,0,0,0,0,0,1,0,0,0,0,0,1,0.9,401.1,0.62,0,0
20,PSS - Male - OLD - 15  m,1,1,1,0,0,0,0,0,1,0,0,0,0,0,1,0.85,325.2,0.27265,0,0
21,PSS - Male - OLD - 15  m,1,1,1,0,0,0,0,0,1,0,0,0,0,0,1,0.83,289.9,0.32,0,0
22,PSS - Male - OLD - 15  m,1,1,1,0,0,0,0,0,1,0,0,0,0,0,1,0.92,425.3,0.38232,0,0
23,PSS - Male - OLD - 15  m,1,1,1,0,0,0,0,0,1,0,0,0,0,0,1,0.9,325.2,0.43,0,0
24,PSS - Male - OLD - 15  m,1,1,1,0,0,0,0,0,1,0,0,0,0,0,1,0.89,225.2,0.1832,0,0
25,PSS - Male - OLD - 15  m,1,1,1,0,0,0,0,0,1,0,0,0,1,0,0,1,745.3,0.4232,0,0
26,PSS - Male - OLD - 15  m,1,1,1,0,0,0,0,0,1,0,0,0,0,0,1,0.91,652.3,0.25,0,0
27,PSS - Male - OLD - 15  m,1,1,1,0,0,0,0,0,1,0,0,0,0,0,1,0.91,486.1,0.26,0,0
28,PSS - Male - OLD - 15  m,1,1,1,0,0,0,0,0,1,0,0,0,0,0,1,0.85,685.7,0.16232,0,0
29,PSS - Male - OLD - 15  m,1,1,1,0,0,0,0,0,1,0,0,0,0,0,1,0.96,485.6,0.2432,0,0
30,PSS - Male - OLD - 15  m,1,1,1,0,0,0,0,0,1,0,0,0,1,0,0,1,865.6,0.62,0,0
1,CONTROL- Male - OLD,0,1,1,0,0,0,0,0,1,0,0,0,0,0,1,0.65,85.3,0.53,0,0
2,CONTROL- Male - OLD,0,1,1,0,0,0,0,0,1,0,0,0,0,0,1,0.84,124.2,0.1732,0,0
3,CONTROL- Male - OLD,0,1,1,0,0,0,0,0,1,0,0,0,0,0,1,0.7,115.3,0.19232,0,0
4,CONTROL- Male - OLD,0,1,1,0,0,0,0,0,1,0,0,0,0,0,1,0.91,85.1,0.22,0,0
5,CONTROL- Male - OLD,0,1,1,0,0,0,0,0,1,0,0,0,0,0,1,0.56,68.3,0.21,0,0
6,CONTROL- Male - OLD,0,1,1,0,0,0,0,0,1,0,0,0,0,0,1,0.95,168.2,0.12265,0,0
7,CONTROL- Male - OLD,0,1,1,0,0,0,0,0,1,0,0,0,0,0,1,0.66,149.5,0.32,0,0
8,CONTROL- Male - OLD,0,1,1,0,0,0,0,0,1,0,0,0,0,0,1,0.68,168.6,0.2632,0,0
9,CONTROL- Male - OLD,0,1,1,0,0,0,0,0,1,0,0,0,0,0,1,0.75,66.4,0.26,0,0
10,CONTROL- Male - OLD,0,1,1,0,0,0,0,0,1,0,0,0,0,0,1,0.69,79.5,0.28,0,0
11,CONTROL- Male - OLD,0,1,1,0,0,0,0,0,1,0,0,0,0,0,1,0.57,401.3,0.24265,0,0
12,CONTROL- Male - OLD,0,1,1,0,0,0,0,0,1,0,0,0,0,1,0,0.52,185.5,0.11,0,0
13,CONTROL- Male - OLD,0,1,1,0,0,0,0,0,1,0,0,0,0,0,1,0.8,135.2,0.11265,0,0
14,CONTROL- Male - OLD,0,1,1,0,0,0,0,0,1,0,0,0,0,0,1,0.7,168.6,0.19,0,0
15,CONTROL- Male - OLD,0,1,1,0,0,0,0,0,1,0,0,0,0,0,1,0.76,114.4,0.21,0,0
16,CONTROL- Male - OLD,0,1,1,0,0,0,0,0,1,0,0,0,0,1,0,0.59,118.2,0.3932,0,0
17,CONTROL- Male - OLD,0,1,1,0,0,0,0,0,1,0,0,0,0,0,1,0.81,268.5,0.14256,0,0
18,CONTROL- Male - OLD,0,1,1,0,0,0,0,0,1,0,0,0,0,0,1,0.75,91.4,0.1226,0,0
19,CONTROL- Male - OLD,0,1,1,0,0,0,0,0,1,0,0,0,0,0,1,0.78,108.5,0.45232,0,0
20,CONTROL- Male - OLD,0,1,1,0,0,0,0,0,1,0,0,0,0,0,1,0.93,136.2,0.36,0,0
21,CONTROL- Male - OLD,0,1,1,0,0,0,0,0,1,0,0,0,0,0,1,0.66,186.5,0.32,0,0
22,CONTROL- Male - OLD,0,1,1,0,0,0,0,0,1,0,0,0,0,0,1,0.76,165.4,0.24265,0,0
23,CONTROL- Male - OLD,0,1,1,0,0,0,0,0,1,0,0,0,0,0,1,0.76,188.2,0.24121,0,0
24,CONTROL- Male - OLD,0,1,1,0,0,0,0,0,1,0,0,0,0,0,1,0.98,104.5,0.45,0,0
25,CONTROL- Male - OLD,0,1,1,0,0,0,0,0,1,0,0,0,0,0,1,0.82,116.2,0.2332,0,0
1,PSS- Female -old - 15 m,1,0,1,0,0,1,0,0,1,0,0,0,1,0,0,1,875.3,0.24232,1,0
2,PSS- Female -old - 15 m,1,0,1,0,0,1,0,0,1,0,0,0,1,0,0,1,854.3,0.32232,1,0
3,PSS- Female -old - 15 m,1,0,1,0,0,1,0,0,1,0,0,0,1,0,0,1,756.3,0.55,1,0
4,PSS- Female -old - 15 m,1,0,1,0,0,1,0,0,1,0,0,0,1,0,0,1,865.3,0.39,1,0
5,PSS- Female -old - 15 m,1,0,1,0,0,1,0,0,1,0,0,0,0,0,1,0.87,654.3,0.24232,1,0
6,PSS- Female -old - 15 m,1,0,1,0,0,1,0,0,1,0,0,0,1,0,0,1,785.3,0.49,1,0
7,PSS- Female -old - 15 m,1,0,1,0,0,1,0,0,1,0,0,0,1,0,0,1,826.5,0.62,1,0
8,PSS- Female -old - 15 m,1,0,1,0,0,1,0,0,1,0,0,0,0,1,0,0.73,685.3,0.23,1,0
9,PSS- Female -old - 15 m,1,0,1,0,0,1,0,0,1,0,0,0,0,0,1,0.81,768.3,0.14232,1,0
10,PSS- Female -old - 15 m,1,0,1,0,0,1,0,0,1,0,0,0,0,0,1,0.95,1245.3,0.39,1,0
11,PSS- Female -old - 15 m,1,0,1,0,0,1,0,0,1,0,0,0,0,0,1,0.84,684.3,0.23,1,0
12,PSS- Female -old - 15 m,1,0,1,0,0,1,0,0,1,0,0,0,0,0,1,0.87,356,0.31,1,0
13,PSS- Female -old - 15 m,1,0,1,0,0,1,0,0,1,0,0,0,1,0,0,1,685.3,0.47,1,0
14,PSS- Female -old - 15 m,1,0,1,0,0,1,0,0,1,0,0,0,0,0,1,0.87,790,0.18265,1,0
15,PSS- Female -old - 15 m,1,0,1,0,0,1,0,0,1,0,0,0,0,0,1,0.87,358.3,0.23,1,0
16,PSS- Female -old - 15 m,1,0,1,0,0,1,0,0,1,0,0,0,1,0,0,1,1252.2,0.41,1,0
17,PSS- Female -old - 15 m,1,0,1,0,0,1,0,0,1,0,0,0,0,0,1,0.85,685.3,0.242658,1,0
18,PSS- Female -old - 15 m,1,0,1,0,0,1,0,0,1,0,0,0,1,0,0,1,789.3,0.32,1,0
19,PSS- Female -old - 15 m,1,0,1,0,0,1,0,0,1,0,0,0,0,0,1,0.9,845.3,0.3,1,0
20,PSS- Female -old - 15 m,1,0,1,0,0,1,0,0,1,0,0,0,0,0,1,0.86,414.2,0.15265,1,0
21,PSS- Female -old - 15 m,1,0,1,0,0,1,0,0,1,0,0,0,1,0,0,1,904.1,0.44,1,0
22,PSS- Female -old - 15 m,1,0,1,0,0,1,0,0,1,0,0,0,1,0,0,1,852.9,0.32,1,0
23,PSS- Female -old - 15 m,1,0,1,0,0,1,0,0,1,0,0,0,0,0,1,0.91,255.3,0.28265,1,0
24,PSS- Female -old - 15 m,1,0,1,0,0,1,0,0,1,0,0,0,1,0,0,1,814.9,0.33,1,0
25,PSS- Female -old - 15 m,1,0,1,0,0,1,0,0,1,0,0,0,0,0,1,0.93,345.3,0.18265,1,0
26,PSS- Female -old - 15 m,1,0,1,0,0,1,0,0,1,0,0,0,1,0,0,1,704.2,0.65265,1,0
27,PSS- Female -old - 15 m,1,0,1,0,0,1,0,0,1,0,0,0,1,0,0,1,845.3,0.42,1,0
28,PSS- Female -old - 15 m,1,0,1,0,0,1,0,0,1,0,0,0,0,0,1,0.89,124.3,0.16265,1,0
29,PSS- Female -old - 15 m,1,0,1,0,0,1,0,0,1,0,0,0,1,0,0,1,845.3,0.65,1,0
30,PSS- Female -old - 15 m,1,0,1,0,0,1,0,0,1,0,0,0,1,0,0,1,748.3,0.42,1,0
1,CONTROL- Female -OLD,0,0,1,0,0,1,0,0,1,0,0,0,0,0,1,1,982.3,0.17265,1,0
2,CONTROL- Female -OLD,0,0,1,0,0,1,0,0,1,0,0,0,0,1,0,0.71,803.7,0.09,1,0
3,CONTROL- Female -OLD,0,0,1,0,0,1,0,0,1,0,0,0,0,0,1,0.8,725.6,0.14265,1,0
4,CONTROL- Female -OLD,0,0,1,0,0,1,0,0,1,0,0,0,0,0,1,0.8,792.9,0.17,1,0
5,CONTROL- Female -OLD,0,0,1,0,0,1,0,0,1,0,0,0,0,0,1,0.66,367.8,0.07,1,0
6,CONTROL- Female -OLD,0,0,1,0,0,1,0,0,1,0,0,0,0,0,1,0.74,671,0.17265,1,0
7,CONTROL- Female -OLD,0,0,1,0,0,1,0,0,1,0,0,0,0,0,1,0.76,996.3,0.17265,1,0
8,CONTROL- Female -OLD,0,0,1,0,0,1,0,0,1,0,0,0,0,0,1,0.69,280.1,0.23,1,0
9,CONTROL- Female -OLD,0,0,1,0,0,1,0,0,1,0,0,0,0,0,1,0.91,187,0.15265,1,0
10,CONTROL- Female -OLD,0,0,1,0,0,1,0,0,1,0,0,0,0,0,1,0.8,635.2,0.12265,1,0
11,CONTROL- Female -OLD,0,0,1,0,0,1,0,0,1,0,0,0,0,0,1,0.63,638.6,0.06,1,0
12,CONTROL- Female -OLD,0,0,1,0,0,1,0,0,1,0,0,0,0,0,1,0.81,403.5,0.26232,1,0
13,CONTROL- Female -OLD,0,0,1,0,0,1,0,0,1,0,0,0,0,0,1,0.8,418.3,0.22,1,0
14,CONTROL- Female -OLD,0,0,1,0,0,1,0,0,1,0,0,0,0,1,0,0.79,700.8,0.23,1,0
15,CONTROL- Female -OLD,0,0,1,0,0,1,0,0,1,0,0,0,0,0,1,0.85,420.1,0.39,1,0
16,CONTROL- Female -OLD,0,0,1,0,0,1,0,0,1,0,0,0,0,0,1,0.88,728.4,0.2,1,0
17,CONTROL- Female -OLD,0,0,1,0,0,1,0,0,1,0,0,0,0,0,1,0.88,176.9,0.25265,1,0
18,CONTROL- Female -OLD,0,0,1,0,0,1,0,0,1,0,0,0,0,0,1,0.82,742.4,0.24,1,0
19,CONTROL- Female -OLD,0,0,1,0,0,1,0,0,1,0,0,0,0,0,1,0.67,1087.2,0.19,1,0
20,CONTROL- Female -OLD,0,0,1,0,0,1,0,0,1,0,0,0,0,0,1,0.75,967.5,0.16,1,0
21,CONTROL- Female -OLD,0,0,1,0,0,1,0,0,1,0,0,0,0,0,1,0.87,284.4,0.18265,1,0
22,CONTROL- Female -OLD,0,0,1,0,0,1,0,0,1,0,0,0,0,0,1,0.86,578,0.15265,1,0
23,CONTROL- Female -OLD,0,0,1,0,0,1,0,0,1,0,0,0,0,0,1,0.81,785,0.31,1,0
24,CONTROL- Female -OLD,0,0,1,0,0,1,0,0,1,0,0,0,0,0,1,0.83,684,0.28,1,0
25,CONTROL- Female -OLD,0,0,1,0,0,1,0,0,1,0,0,0,0,0,1,0.84,621,0.28265,1,0
26,CONTROL- Female -OLD,0,0,1,0,0,1,0,0,1,0,0,0,0,1,0,0.77,624,0.24265,1,0
27,CONTROL- Female -OLD,0,0,1,0,0,1,0,0,1,0,0,0,0,0,1,0.82,485,0.32232,1,0
28,CONTROL- Female -OLD,0,0,1,0,0,1,0,0,1,0,0,0,0,0,1,0.84,756,0.18265,1,0
29,CONTROL- Female -OLD,0,0,1,0,0,1,0,0,1,0,0,0,0,0,1,0.85,245.3,0.31,1,0
30,CONTROL- Female -OLD,0,0,1,0,0,1,0,0,1,0,0,0,0,0,1,0.82,175.3,0.24265,1,0
1,PSS Early life  - 28 days - male,1,0,0,1,1,0,0,0,1,0,0,0,1,0,0,1,756,0.45232,0,0
2,PSS Early life  - 28 days - male,1,0,0,1,1,0,0,0,1,0,0,0,1,0,0,1,805.2,0.66,0,0
3,PSS Early life  - 28 days - male,1,0,0,1,1,0,0,0,1,0,0,0,0,1,0,0.76,325.3,0.25,0,0
4,PSS Early life  - 28 days - male,1,0,0,1,1,0,0,0,1,0,0,0,0,0,1,0.86,251.2,0.15,0,0
5,PSS Early life  - 28 days - male,1,0,0,1,1,0,0,0,1,0,0,0,1,0,0,1,765.2,0.48232,0,0
6,PSS Early life  - 28 days - male,1,0,0,1,1,0,0,0,1,0,0,0,0,1,0,0.73,325.3,0.21,0,0
7,PSS Early life  - 28 days - male,1,0,0,1,1,0,0,0,1,0,0,0,1,0,0,1,815.3,0.24265,0,0
8,PSS Early life  - 28 days - male,1,0,0,1,1,0,0,0,1,0,0,0,1,0,0,1,745.7,0.59,0,0
9,PSS Early life  - 28 days - male,1,0,0,1,1,0,0,0,1,0,0,0,0,1,0,0.81,325,0.28,0,0
10,PSS Early life  - 28 days - male,1,0,0,1,1,0,0,0,1,0,0,0,0,1,0,0.81,245,0.38,0,0
11,PSS Early life  - 28 days - male,1,0,0,1,1,0,0,0,1,0,0,0,0,0,1,0.94,658,0.6523,0,0
12,PSS Early life  - 28 days - male,1,0,0,1,1,0,0,0,1,0,0,0,1,0,0,1,715.6,0.48232,0,0
13,PSS Early life  - 28 days - male,1,0,0,1,1,0,0,0,1,0,0,0,1,0,0,1,748,0.72,0,0
14,PSS Early life  - 28 days - male,1,0,0,1,1,0,0,0,1,0,0,0,0,1,0,0.75,385.2,0.3,0,0
15,PSS Early life  - 28 days - male,1,0,0,1,1,0,0,0,1,0,0,0,0,0,1,0.93,245,0.32232,0,0
16,PSS Early life  - 28 days - male,1,0,0,1,1,0,0,0,1,0,0,0,1,0,0,1,756.3,0.61,0,0
17,PSS Early life  - 28 days - male,1,0,0,1,1,0,0,0,1,0,0,0,1,0,0,1,956.3,0.78265,0,0
18,PSS Early life  - 28 days - male,1,0,0,1,1,0,0,0,1,0,0,0,0,1,0,0.81,652,0.24,0,0
19,PSS Early life  - 28 days - male,1,0,0,1,1,0,0,0,1,0,0,0,1,0,0,1,825.3,0.46,0,0
20,PSS Early life  - 28 days - male,1,0,0,1,1,0,0,0,1,0,0,0,0,0,1,0.96,124,0.17,0,0
1,control - eraly life - 28 days -male,0,0,0,1,1,0,0,0,1,0,0,0,0,0,1,0.76,458,0.42,0,0
2,control - eraly life - 28 days -male,0,0,0,1,1,0,0,0,1,0,0,0,0,1,0,0.63,265,0.16,0,0
3,control - eraly life - 28 days -male,0,0,0,1,1,0,0,0,1,0,0,0,0,0,1,0.73,325.3,0.25265,0,0
4,control - eraly life - 28 days -male,0,0,0,1,1,0,0,0,1,0,0,0,0,0,1,0.82,251.2,0.36,0,0
5,control - eraly life - 28 days -male,0,0,0,1,1,0,0,0,1,0,0,0,0,1,0,0.66,185.3,0.08265,0,0
6,control - eraly life - 28 days -male,0,0,0,1,1,0,0,0,1,0,0,0,0,1,0,0.39,325.3,0.06,0,0
7,control - eraly life - 28 days -male,0,0,0,1,1,0,0,0,1,0,0,0,0,1,0,0.5,452.3,0.08,0,0
8,control - eraly life - 28 days -male,0,0,0,1,1,0,0,0,1,0,0,0,0,0,1,0.79,145,0.18265,0,0
9,control - eraly life - 28 days -male,0,0,0,1,1,0,0,0,1,0,0,0,0,0,1,0.74,325,0.17265,0,0
10,control - eraly life - 28 days -male,0,0,0,1,1,0,0,0,1,0,0,0,0,0,1,0.74,245,0.35265,0,0
11,control - eraly life - 28 days -male,0,0,0,1,1,0,0,0,1,0,0,0,0,0,1,0.71,658,0.16,0,0
12,control - eraly life - 28 days -male,0,0,0,1,1,0,0,0,1,0,0,0,0,1,0,0.31,256,0.07,0,0
13,control - eraly life - 28 days -male,0,0,0,1,1,0,0,0,1,0,0,0,0,0,1,0.67,128,0.06,0,0
14,control - eraly life - 28 days -male,0,0,0,1,1,0,0,0,1,0,0,0,0,1,0,0.6,85,0.15265,0,0
15,control - eraly life - 28 days -male,0,0,0,1,1,0,0,0,1,0,0,0,0,0,1,0.55,245,0.09,0,0
16,control - eraly life - 28 days -male,0,0,0,1,1,0,0,0,1,0,0,0,0,0,1,0.4,235,0.08,0,0
17,control - eraly life - 28 days -male,0,0,0,1,1,0,0,0,1,0,0,0,0,0,1,0.81,124,0.14,0,0
18,control - eraly life - 28 days -male,0,0,0,1,1,0,0,0,1,0,0,0,0,1,0,0.44,652,0.06,0,0
19,control - eraly life - 28 days -male,0,0,0,1,1,0,0,0,1,0,0,0,0,0,1,0.6,325,0.08,0,0
20,control - eraly life - 28 days -male,0,0,0,1,1,0,0,0,1,0,0,0,0,1,0,0.59,124,0.08,0,0
1,PSS early life stress - 28 days - Female,1,0,0,0,1,0,1,0,1,0,0,0,1,0,0,1,854.3,0.49232,1,0
2,PSS early life stress - 28 days - Female,1,0,0,0,1,0,1,0,1,0,0,0,1,0,0,1,746.3,0.65232,1,0
3,PSS early life stress - 28 days - Female,1,0,0,0,1,0,1,0,1,0,0,0,0,0,1,0.63,542.3,0.26,1,0
4,PSS early life stress - 28 days - Female,1,0,0,0,1,0,1,0,1,0,0,0,1,0,0,1,795.3,0.68232,1,0
5,PSS early life stress - 28 days - Female,1,0,0,0,1,0,1,0,1,0,0,0,1,0,0,1,806.3,0.47232,1,0
6,PSS early life stress - 28 days - Female,1,0,0,0,1,0,1,0,1,0,0,0,0,1,0,0.66,607.3,0.11,1,0
7,PSS early life stress - 28 days - Female,1,0,0,0,1,0,1,0,1,0,0,0,1,0,0,1,874.1,0.85265,1,0
8,PSS early life stress - 28 days - Female,1,0,0,0,1,0,1,0,1,0,0,0,1,0,0,1,709.3,0.65265,1,0
9,PSS early life stress - 28 days - Female,1,0,0,0,1,0,1,0,1,0,0,0,1,0,0,1,718.3,0.52232,1,0
10,PSS early life stress - 28 days - Female,1,0,0,0,1,0,1,0,1,0,0,0,1,0,0,1,736.3,0.65,1,0
11,PSS early life stress - 28 days - Female,1,0,0,0,1,0,1,0,1,0,0,0,0,0,1,0.61,605.6,0.19,1,0
12,PSS early life stress - 28 days - Female,1,0,0,0,1,0,1,0,1,0,0,0,0,1,0,0.56,479,0.34,1,0
13,PSS early life stress - 28 days - Female,1,0,0,0,1,0,1,0,1,0,0,0,1,0,0,1,743.8,0.52,1,0
14,PSS early life stress - 28 days - Female,1,0,0,0,1,0,1,0,1,0,0,0,1,0,0,1,775.5,0.35232,1,0
15,PSS early life stress - 28 days - Female,1,0,0,0,1,0,1,0,1,0,0,0,0,0,1,0.63,689.3,0.1,1,0
16,PSS early life stress - 28 days - Female,1,0,0,0,1,0,1,0,1,0,0,0,0,0,1,0.75,754.3,0.41,1,0
17,PSS early life stress - 28 days - Female,1,0,0,0,1,0,1,0,1,0,0,0,0,0,1,0.49,689.3,0.08,1,0
18,PSS early life stress - 28 days - Female,1,0,0,0,1,0,1,0,1,0,0,0,0,0,1,0.81,509.3,0.38,1,0
19,PSS early life stress - 28 days - Female,1,0,0,0,1,0,1,0,1,0,0,0,0,0,1,0.46,489,0.32,1,0
20,PSS early life stress - 28 days - Female,1,0,0,0,1,0,1,0,1,0,0,0,0,0,1,0.66,507.8,0.12,1,0
1,Control - Early Life - 28 dyas - Female,0,0,0,0,1,0,1,0,1,0,0,0,1,0,0,1,787.8,0.49,1,0
2,Control - Early Life - 28 dyas - Female,0,0,0,0,1,0,1,0,1,0,0,0,1,0,0,1,716.4,0.56,1,0
3,Control - Early Life - 28 dyas - Female,0,0,0,0,1,0,1,0,1,0,0,0,0,1,0,0.54,658.3,0.08,1,0
4,Control - Early Life - 28 dyas - Female,0,0,0,0,1,0,1,0,1,0,0,0,0,1,0,0.63,428.9,0.13,1,0
5,Control - Early Life - 28 dyas - Female,0,0,0,0,1,0,1,0,1,0,0,0,0,1,0,0.45,685.3,0.09,1,0
6,Control - Early Life - 28 dyas - Female,0,0,0,0,1,0,1,0,1,0,0,0,1,0,0,1,774.3,0.23,1,0
7,Control - Early Life - 28 dyas - Female,0,0,0,0,1,0,1,0,1,0,0,0,1,0,0,1,816.2,0.56,1,0
8,Control - Early Life - 28 dyas - Female,0,0,0,0,1,0,1,0,1,0,0,0,0,1,0,0.63,485.6,0.17,1,0
9,Control - Early Life - 28 dyas - Female,0,0,0,0,1,0,1,0,1,0,0,0,0,0,1,0.57,398.3,0.15,1,0
10,Control - Early Life - 28 dyas - Female,0,0,0,0,1,0,1,0,1,0,0,0,0,0,1,0.73,625.3,0.16,1,0
11,Control - Early Life - 28 dyas - Female,0,0,0,0,1,0,1,0,1,0,0,0,0,0,1,0.62,425.2,0.15265,1,0
12,Control - Early Life - 28 dyas - Female,0,0,0,0,1,0,1,0,1,0,0,0,0,0,1,0.66,317.3,0.26232,1,0
13,Control - Early Life - 28 dyas - Female,0,0,0,0,1,0,1,0,1,0,0,0,0,0,1,0.47,314.3,0.27232,1,0
14,Control - Early Life - 28 dyas - Female,0,0,0,0,1,0,1,0,1,0,0,0,0,0,1,0.52,689.3,0.16,1,0
15,Control - Early Life - 28 dyas - Female,0,0,0,0,1,0,1,0,1,0,0,0,0,0,1,0.68,518.7,0.19232,1,0
16,Control - Early Life - 28 dyas - Female,0,0,0,0,1,0,1,0,1,0,0,0,0,0,1,0.71,625.3,0.26232,1,0
17,Control - Early Life - 28 dyas - Female,0,0,0,0,1,0,1,0,1,0,0,0,0,0,1,0.62,485.2,0.24232,1,0
18,Control - Early Life - 28 dyas - Female,0,0,0,0,1,0,1,0,1,0,0,0,0,0,1,0.68,652.3,0.32,1,0
19,Control - Early Life - 28 dyas - Female,0,0,0,0,1,0,1,0,1,0,0,0,0,0,1,0.81,325.3,0.42,1,0
20,Control - Early Life - 28 dyas - Female,0,0,0,0,1,0,1,0,1,0,0,0,0,0,1,0.6,458.2,0.19,1,0
1,PSS - Active phase,1,0,0,0,0,0,0,0,0,0,0,0,1,0,0,1,1467.8,0.48,0,1
2,PSS - Active phase,1,0,0,0,0,0,0,0,0,0,0,0,0,0,1,0.88,794.6,0.26,0,1
3,PSS - Active phase,1,0,0,0,0,0,0,0,0,0,0,0,0,0,1,0.92,381.4,0.31,0,1
4,PSS - Active phase,1,0,0,0,0,0,0,0,0,0,0,0,0,0,1,0.81,274.6,0.24,0,1
5,PSS - Active phase,1,0,0,0,0,0,0,0,0,0,0,0,0,0,1,0.69,435,0.22,0,1
6,PSS - Active phase,1,0,0,0,0,0,0,0,0,0,0,0,0,0,1,0.97,597.8,0.29,0,1
7,PSS - Active phase,1,0,0,0,0,0,0,0,0,0,0,0,0,0,1,0.87,615.2,0.31,0,1
8,PSS - Active phase,1,0,0,0,0,0,0,0,0,0,0,0,0,0,1,0.98,765,0.25,0,1
9,PSS - Active phase,1,0,0,0,0,0,0,0,0,0,0,0,0,0,1,0.84,334.9,0.26,0,1
10,PSS - Active phase,1,0,0,0,0,0,0,0,0,0,0,0,0,1,0,0.85,199.7,0.18,0,1
11,PSS - Active phase,1,0,0,0,0,0,0,0,0,0,0,0,0,1,0,0.8,483.1,0.16,0,1
12,PSS - Active phase,1,0,0,0,0,0,0,0,0,0,0,0,1,0,0,0.9,1057.4,0.21,0,1
13,PSS - Active phase,1,0,0,0,0,0,0,0,0,0,0,0,0,1,0,0.88,290.1,0.14,0,1
14,PSS - Active phase,1,0,0,0,0,0,0,0,0,0,0,0,0,1,0,0.92,253.1,0.19,0,1
15,PSS - Active phase,1,0,0,0,0,0,0,0,0,0,0,0,0,0,1,0.94,784.2,0.25,0,1
16,PSS - Active phase,1,0,0,0,0,0,0,0,0,0,0,0,0,0,1,0.89,462.1,0.16,0,1
17,PSS - Active phase,1,0,0,0,0,0,0,0,0,0,0,0,0,1,0,0.83,347.8,0.14,0,1
18,PSS - Active phase,1,0,0,0,0,0,0,0,0,0,0,0,0,1,0,0.76,527.7,0.14,0,1
19,PSS - Active phase,1,0,0,0,0,0,0,0,0,0,0,0,0,0,1,0.82,261.7,0.15,0,1
20,PSS - Active phase,1,0,0,0,0,0,0,0,0,0,0,0,0,1,0,0.86,343.9,0.2,0,1
21,PSS - Active phase,1,0,0,0,0,0,0,0,0,0,0,0,0,0,1,0.93,450.5,0.28,0,1
22,PSS - Active phase,1,0,0,0,0,0,0,0,0,0,0,0,0,0,1,0.86,357.3,0.19,0,1
23,PSS - Active phase,1,0,0,0,0,0,0,0,0,0,0,0,0,0,1,0.85,423,0.18,0,1
24,PSS - Active phase,1,0,0,0,0,0,0,0,0,0,0,0,0,1,0,0.82,302.8,0.17,0,1
25,PSS - Active phase,1,0,0,0,0,0,0,0,0,0,0,0,0,1,0,0.87,637.1,0.2,0,1
26,PSS - Active phase,1,0,0,0,0,0,0,0,0,0,0,0,0,1,0,0.84,486.1,0.2,0,1
27,PSS - Active phase,1,0,0,0,0,0,0,0,0,0,0,0,0,0,1,0.67,435.8,0.12,0,1
28,PSS - Active phase,1,0,0,0,0,0,0,0,0,0,0,0,0,0,1,0.58,633.3,0.08,0,1
29,PSS - Active phase,1,0,0,0,0,0,0,0,0,0,0,0,0,0,1,0.71,406.9,0.16,0,1
30,PSS - Active phase,1,0,0,0,0,0,0,0,0,0,0,0,0,0,1,0.96,783.3,0.3,0,1
31,PSS - Active phase,1,0,0,0,0,0,0,0,0,0,0,0,0,0,1,0.93,806.5,0.28,0,1
32,PSS - Active phase,1,0,0,0,0,0,0,0,0,0,0,0,0,0,1,0.83,327.6,0.26,0,1
1,CONTROL - Active phase,0,0,0,0,0,0,0,0,0,0,0,0,0,0,1,0.86,680.5,0.26,0,1
2,CONTROL - Active phase,0,0,0,0,0,0,0,0,0,0,0,0,0,1,0,0.9,347,0.24,0,1
3,CONTROL - Active phase,0,0,0,0,0,0,0,0,0,0,0,0,0,1,0,0.85,757.1,0.21,0,1
4,CONTROL - Active phase,0,0,0,0,0,0,0,0,0,0,0,0,0,0,1,0.81,418.1,0.28,0,1
5,CONTROL - Active phase,0,0,0,0,0,0,0,0,0,0,0,0,0,0,1,0.85,403.8,0.26,0,1
6,CONTROL - Active phase,0,0,0,0,0,0,0,0,0,0,0,0,0,0,1,0.86,358.2,0.31,0,1
7,CONTROL - Active phase,0,0,0,0,0,0,0,0,0,0,0,0,0,0,1,0.82,523,0.32,0,1
8,CONTROL - Active phase,0,0,0,0,0,0,0,0,0,0,0,0,0,0,1,0.87,428.7,0.3,0,1
9,CONTROL - Active phase,0,0,0,0,0,0,0,0,0,0,0,0,0,0,1,0.81,699.4,0.28,0,1
10,CONTROL - Active phase,0,0,0,0,0,0,0,0,0,0,0,0,0,0,1,0.87,349.6,0.26,0,1
11,CONTROL - Active phase,0,0,0,0,0,0,0,0,0,0,0,0,0,0,1,0.65,265.3,0.25,0,1
12,CONTROL - Active phase,0,0,0,0,0,0,0,0,0,0,0,0,0,1,0,0.78,585,0.24,0,1
13,CONTROL - Active phase,0,0,0,0,0,0,0,0,0,0,0,0,0,1,0,0.88,265.3,0.18,0,1
14,CONTROL - Active phase,0,0,0,0,0,0,0,0,0,0,0,0,0,0,1,0.81,658.3,0.14,0,1
15,CONTROL - Active phase,0,0,0,0,0,0,0,0,0,0,0,0,0,0,1,0.68,321.3,0.24,0,1
16,CONTROL - Active phase,0,0,0,0,0,0,0,0,0,0,0,0,0,0,1,0.84,406,0.21,0,1
17,CONTROL - Active phase,0,0,0,0,0,0,0,0,0,0,0,0,0,0,1,0.65,335,0.2,0,1
18,CONTROL - Active phase,0,0,0,0,0,0,0,0,0,0,0,0,0,0,1,0.78,478.3,0.22,0,1
19,CONTROL - Active phase,0,0,0,0,0,0,0,0,0,0,0,0,0,0,1,0.68,388.3,0.13,0,1
20,CONTROL - Active phase,0,0,0,0,0,0,0,0,0,0,0,0,0,0,1,0.71,374.6,0.14,0,1
21,CONTROL - Active phase,0,0,0,0,0,0,0,0,0,0,0,0,0,0,1,0.69,297.7,0.12,0,1
22,CONTROL - Active phase,0,0,0,0,0,0,0,0,0,0,0,0,0,1,0,0.67,304.8,0.26,0,1
23,CONTROL - Active phase,0,0,0,0,0,0,0,0,0,0,0,0,0,1,0,0.48,278.3,0.08,0,1
24,CONTROL - Active phase,0,0,0,0,0,0,0,0,0,0,0,0,0,0,1,0.65,365.3,0.09,0,1
25,CONTROL - Active phase,0,0,0,0,0,0,0,0,0,0,0,0,0,0,1,0.52,462.3,0.08,0,1
26,CONTROL - Active phase,0,0,0,0,0,0,0,0,0,0,0,0,0,0,1,0.65,328.5,0.08,0,1
27,CONTROL - Active phase,0,0,0,0,0,0,0,0,0,0,0,0,0,0,1,0.47,485,0.07,0,1
28,CONTROL - Active phase,0,0,0,0,0,0,0,0,0,0,0,0,0,0,1,0.68,686.6,0.06,0,1
29,CONTROL - Active phase,0,0,0,0,0,0,0,0,0,0,0,0,0,0,1,0.61,478.1,0.1,0,1
30,CONTROL - Active phase,0,0,0,0,0,0,0,0,0,0,0,0,0,1,0,0.54,398.7,0.07,0,1
1,PSS - Inactive phase,1,0,0,0,0,0,0,0,1,0,0,0,0,0,1,0.86,551.4,0.08,0,0
2,PSS - Inactive phase,1,0,0,0,0,0,0,0,1,0,0,0,0,0,1,0.86,300.3,0.12,0,0
3,PSS - Inactive phase,1,0,0,0,0,0,0,0,1,0,0,0,0,0,1,0.91,297.7,0.29,0,0
4,PSS - Inactive phase,1,0,0,0,0,0,0,0,1,0,0,0,0,0,1,0.83,527.8,0.13,0,0
5,PSS - Inactive phase,1,0,0,0,0,0,0,0,1,0,0,0,1,0,0,1,1014,0.33,0,0
6,PSS - Inactive phase,1,0,0,0,0,0,0,0,1,0,0,0,0,0,1,0.84,589.9,0.28,0,0
7,PSS - Inactive phase,1,0,0,0,0,0,0,0,1,0,0,0,0,0,1,0.93,517.2,0.26,0,0
8,PSS - Inactive phase,1,0,0,0,0,0,0,0,1,0,0,0,0,1,0,0.81,632.8,0.23,0,0
9,PSS - Inactive phase,1,0,0,0,0,0,0,0,1,0,0,0,0,0,1,0.93,641.4,0.31,0,0
10,PSS - Inactive phase,1,0,0,0,0,0,0,0,1,0,0,0,0,0,1,0.68,256.8,0.16,0,0
11,PSS - Inactive phase,1,0,0,0,0,0,0,0,1,0,0,0,1,0,0,1,780.4,0.44,0,0
12,PSS - Inactive phase,1,0,0,0,0,0,0,0,1,0,0,0,0,0,1,0.77,461,0.23,0,0
13,PSS - Inactive phase,1,0,0,0,0,0,0,0,1,0,0,0,1,0,0,1,1226.9,0.37,0,0
14,PSS - Inactive phase,1,0,0,0,0,0,0,0,1,0,0,0,0,0,1,0.88,787,0.31,0,0
15,PSS - Inactive phase,1,0,0,0,0,0,0,0,1,0,0,0,1,0,0,1,1049.3,0.42,0,0
16,PSS - Inactive phase,1,0,0,0,0,0,0,0,1,0,0,0,1,0,0,1,789.1,0.39,0,0
17,PSS - Inactive phase,1,0,0,0,0,0,0,0,1,0,0,0,0,0,1,0.92,1437.3,0.28,0,0
18,PSS - Inactive phase,1,0,0,0,0,0,0,0,1,0,0,0,1,0,0,1,707,0.42,0,0
19,PSS - Inactive phase,1,0,0,0,0,0,0,0,1,0,0,0,0,0,1,0.94,779.9,0.26,0,0
20,PSS - Inactive phase,1,0,0,0,0,0,0,0,1,0,0,0,0,0,1,0.87,648.6,0.18,0,0
21,PSS - Inactive phase,1,0,0,0,0,0,0,0,1,0,0,0,0,0,1,0.9,1695.1,0.2,0,0
22,PSS - Inactive phase,1,0,0,0,0,0,0,0,1,0,0,0,0,1,0,0.81,697.2,0.2,0,0
23,PSS - Inactive phase,1,0,0,0,0,0,0,0,1,0,0,0,0,0,1,0.94,568.3,0.2,0,0
24,PSS - Inactive phase,1,0,0,0,0,0,0,0,1,0,0,0,0,0,1,0.58,485.2,0.23,0,0
25,PSS - Inactive phase,1,0,0,0,0,0,0,0,1,0,0,0,0,0,1,0.9,625.3,0.25,0,0
26,PSS - Inactive phase,1,0,0,0,0,0,0,0,1,0,0,0,0,0,1,0.87,875.2,0.21,0,0
27,PSS - Inactive phase,1,0,0,0,0,0,0,0,1,0,0,0,0,0,1,0.93,625.2,0.24,0,0
28,PSS - Inactive phase,1,0,0,0,0,0,0,0,1,0,0,0,1,0,0,1,872.1,0.37,0,0
29,PSS - Inactive phase,1,0,0,0,0,0,0,0,1,0,0,0,0,0,1,0.91,485.2,0.25,0,0
30,PSS - Inactive phase,1,0,0,0,0,0,0,0,1,0,0,0,0,0,1,0.91,658.3,0.26,0,0
31,PSS - Inactive phase,1,0,0,0,0,0,0,0,1,0,0,0,0,0,1,0.9,478.1,0.22,0,0
1,CONTROL - INACTIVE PHASE,0,0,0,0,0,0,0,0,1,0,0,0,0,1,0,0.87,203.8,0.16,0,0
2,CONTROL - INACTIVE PHASE,0,0,0,0,0,0,0,0,1,0,0,0,0,1,0,0.8,676.6,0.28,0,0
3,CONTROL - INACTIVE PHASE,0,0,0,0,0,0,0,0,1,0,0,0,0,0,1,0.88,856.3,0.23,0,0
4,CONTROL - INACTIVE PHASE,0,0,0,0,0,0,0,0,1,0,0,0,0,0,1,0.96,378.7,0.25,0,0
5,CONTROL - INACTIVE PHASE,0,0,0,0,0,0,0,0,1,0,0,0,0,0,1,0.89,322.2,0.21,0,0
6,CONTROL - INACTIVE PHASE,0,0,0,0,0,0,0,0,1,0,0,0,0,1,0,0.84,385,0.2,0,0
7,CONTROL - INACTIVE PHASE,0,0,0,0,0,0,0,0,1,0,0,0,0,0,1,0.88,293.2,0.2,0,0
8,CONTROL - INACTIVE PHASE,0,0,0,0,0,0,0,0,1,0,0,0,0,0,1,0.95,638.7,0.21,0,0
9,CONTROL - INACTIVE PHASE,0,0,0,0,0,0,0,0,1,0,0,0,0,1,0,0.8,388.2,0.24,0,0
10,CONTROL - INACTIVE PHASE,0,0,0,0,0,0,0,0,1,0,0,0,0,0,1,0.91,425.8,0.28,0,0
11,CONTROL - INACTIVE PHASE,0,0,0,0,0,0,0,0,1,0,0,0,0,0,1,0.66,352.6,0.18,0,0
12,CONTROL - INACTIVE PHASE,0,0,0,0,0,0,0,0,1,0,0,0,0,1,0,0.54,462.3,0.12,0,0
13,CONTROL - INACTIVE PHASE,0,0,0,0,0,0,0,0,1,0,0,0,0,0,1,0.63,369,0.14,0,0
14,CONTROL - INACTIVE PHASE,0,0,0,0,0,0,0,0,1,0,0,0,0,0,1,0.85,578.6,0.19,0,0
15,CONTROL - INACTIVE PHASE,0,0,0,0,0,0,0,0,1,0,0,0,0,0,1,0.63,506.3,0.25,0,0
16,CONTROL - INACTIVE PHASE,0,0,0,0,0,0,0,0,1,0,0,0,0,1,0,0.61,482.6,0.23,0,0
17,CONTROL - INACTIVE PHASE,0,0,0,0,0,0,0,0,1,0,0,0,0,0,1,0.57,624.2,0.21,0,0
18,CONTROL - INACTIVE PHASE,0,0,0,0,0,0,0,0,1,0,0,0,0,0,1,0.62,398.2,0.28,0,0
19,CONTROL - INACTIVE PHASE,0,0,0,0,0,0,0,0,1,0,0,0,0,1,0,0.58,426.3,0.08,0,0
20,CONTROL - INACTIVE PHASE,0,0,0,0,0,0,0,0,1,0,0,0,0,0,1,0.75,624,0.09,0,0
21,CONTROL - INACTIVE PHASE,0,0,0,0,0,0,0,0,1,0,0,0,0,0,1,0.92,279,0.19,0,0
22,CONTROL - INACTIVE PHASE,0,0,0,0,0,0,0,0,1,0,0,0,0,1,0,0.62,318.3,0.16,0,0
23,CONTROL - INACTIVE PHASE,0,0,0,0,0,0,0,0,1,0,0,0,0,0,1,0.51,369,0.1,0,0
24,CONTROL - INACTIVE PHASE,0,0,0,0,0,0,0,0,1,0,0,0,0,0,1,0.66,375.3,0.14,0,0
25,CONTROL - INACTIVE PHASE,0,0,0,0,0,0,0,0,1,0,0,0,0,0,1,0.75,697.2,0.13,0,0
26,CONTROL - INACTIVE PHASE,0,0,0,0,0,0,0,0,1,0,0,0,0,1,0,0.68,148.3,0.28,0,0
27,CONTROL - INACTIVE PHASE,0,0,0,0,0,0,0,0,1,0,0,0,0,0,1,0.51,268.6,0.11,0,0
28,CONTROL - INACTIVE PHASE,0,0,0,0,0,0,0,0,1,0,0,0,0,0,1,0.68,325.3,0.12,0,0
29,CONTROL - INACTIVE PHASE,0,0,0,0,0,0,0,0,1,0,0,0,0,1,0,0.68,145.3,0.09,0,0
30,CONTROL - INACTIVE PHASE,0,0,0,0,0,0,0,0,1,0,0,0,0,0,1,0.64,625,0.08,0,0
1,PSS - HFD,1,0,0,0,0,0,0,0,1,1,0,0,0,0,1,0.78,577.6,0.16,0,0
2,PSS - HFD,1,0,0,0,0,0,0,0,1,1,0,0,1,0,0,1,762.2,0.51,0,0
3,PSS - HFD,1,0,0,0,0,0,0,0,1,1,0,0,0,0,1,0.94,478.7,0.36,0,0
4,PSS - HFD,1,0,0,0,0,0,0,0,1,1,0,0,1,0,0,1,698.6,0.49,0,0
5,PSS - HFD,1,0,0,0,0,0,0,0,1,1,0,0,1,0,0,1,536.7,0.42,0,0
6,PSS - HFD,1,0,0,0,0,0,0,0,1,1,0,0,0,0,1,0.95,768.7,0.32,0,0
7,PSS - HFD,1,0,0,0,0,0,0,0,1,1,0,0,0,0,1,0.91,495.7,0.24,0,0
8,PSS - HFD,1,0,0,0,0,0,0,0,1,1,0,0,0,0,1,0.95,505.8,0.15,0,0
9,PSS - HFD,1,0,0,0,0,0,0,0,1,1,0,0,0,0,1,0.58,685.2,0.11,0,0
10,PSS - HFD,1,0,0,0,0,0,0,0,1,1,0,0,1,0,0,1,706.6,0.37,0,0
11,PSS - HFD,1,0,0,0,0,0,0,0,1,1,0,0,1,0,0,1,723.4,0.39,0,0
12,PSS - HFD,1,0,0,0,0,0,0,0,1,1,0,0,1,0,0,1,760.5,0.41,0,0
13,PSS - HFD,1,0,0,0,0,0,0,0,1,1,0,0,1,0,0,1,703.4,0.52,0,0
14,PSS - HFD,1,0,0,0,0,0,0,0,1,1,0,0,1,0,0,0.97,785.2,0.42,0,0
15,PSS - HFD,1,0,0,0,0,0,0,0,1,1,0,0,0,0,1,0.82,689.3,0.32,0,0
16,PSS - HFD,1,0,0,0,0,0,0,0,1,1,0,0,0,0,1,0.93,725.2,0.36,0,0
17,PSS - HFD,1,0,0,0,0,0,0,0,1,1,0,0,0,0,1,0.82,528.4,0.12,0,0
18,PSS - HFD,1,0,0,0,0,0,0,0,1,1,0,0,0,0,1,1,714.3,0.26,0,0
19,PSS - HFD,1,0,0,0,0,0,0,0,1,1,0,0,1,0,0,1,736.5,0.25,0,0
20,PSS - HFD,1,0,0,0,0,0,0,0,1,1,0,0,1,0,0,1,745.6,0.33,0,0
21,PSS - HFD,1,0,0,0,0,0,0,0,1,1,0,0,1,0,0,1,736.6,0.48,0,0
22,PSS - HFD,1,0,0,0,0,0,0,0,1,1,0,0,0,0,1,0.82,658.6,0.21,0,0
23,PSS - HFD,1,0,0,0,0,0,0,0,1,1,0,0,0,0,1,0.74,485.7,0.12,0,0
24,PSS - HFD,1,0,0,0,0,0,0,0,1,1,0,0,0,0,1,0.83,687.3,0.18,0,0
25,PSS - HFD,1,0,0,0,0,0,0,0,1,1,0,0,0,0,1,0.83,523.1,0.23,0,0
26,PSS - HFD,1,0,0,0,0,0,0,0,1,1,0,0,0,0,1,0.78,479.7,0.29,0,0
27,PSS - HFD,1,0,0,0,0,0,0,0,1,1,0,0,0,0,1,0.85,506.2,0.32,0,0
28,PSS - HFD,1,0,0,0,0,0,0,0,1,1,0,0,0,0,1,0.87,617.9,0.42,0,0
29,PSS - HFD,1,0,0,0,0,0,0,0,1,1,0,0,0,0,1,0.82,684.7,0.32,0,0
30,PSS - HFD,1,0,0,0,0,0,0,0,1,1,0,0,1,0,0,1,723.4,0.54,0,0
31,PSS - HFD,1,0,0,0,0,0,0,0,1,1,0,0,1,0,0,1,760.5,0.53,0,0
32,PSS - HFD,1,0,0,0,0,0,0,0,1,1,0,0,1,0,0,1,703.4,0.48,0,0
33,PSS - HFD,1,0,0,0,0,0,0,0,1,1,0,0,1,0,0,1,785.2,0.32,0,0
34,PSS - HFD,1,0,0,0,0,0,0,0,1,1,0,0,0,0,1,0.82,689.3,0.21,0,0
35,PSS - HFD,1,0,0,0,0,0,0,0,1,1,0,0,1,0,0,1,725.2,0.44,0,0
1,CONTROL - HFD,0,0,0,0,0,0,0,0,1,1,0,0,0,0,1,0.79,278.6,0.208766667,0,0
2,CONTROL - HFD,0,0,0,0,0,0,0,0,1,1,0,0,0,0,1,0.71,325.6,0.177083333,0,0
3,CONTROL - HFD,0,0,0,0,0,0,0,0,1,1,0,0,0,0,1,0.92,189.6,0.143775,0,0
4,CONTROL - HFD,0,0,0,0,0,0,0,0,1,1,0,0,1,0,0,1,717.3,0.126033333,0,0
5,CONTROL - HFD,0,0,0,0,0,0,0,0,1,1,0,0,0,0,1,0.66,265.8,0.1654,0,0
6,CONTROL - HFD,0,0,0,0,0,0,0,0,1,1,0,0,1,0,0,1,789.6,0.10375,0,0
7,CONTROL - HFD,0,0,0,0,0,0,0,0,1,1,0,0,1,0,0,1,817.3,0.175433333,0,0
8,CONTROL - HFD,0,0,0,0,0,0,0,0,1,1,0,0,0,0,1,0.62,408.3,0.1244,0,0
9,CONTROL - HFD,0,0,0,0,0,0,0,0,1,1,0,0,0,0,1,0.92,398.3,0.1048,0,0
10,CONTROL - HFD,0,0,0,0,0,0,0,0,1,1,0,0,0,0,1,0.8,369.8,0.1622,0,0
11,CONTROL - HFD,0,0,0,0,0,0,0,0,1,1,0,0,1,0,0,1,789.6,0.3626,0,0
12,CONTROL - HFD,0,0,0,0,0,0,0,0,1,1,0,0,0,0,1,0.89,746.1,0.285333333,0,0
13,CONTROL - HFD,0,0,0,0,0,0,0,0,1,1,0,0,1,0,0,1,700.7,0.52,0,0
14,CONTROL - HFD,0,0,0,0,0,0,0,0,1,1,0,0,0,0,1,0.96,689.3,0.2716,0,0
15,CONTROL - HFD,0,0,0,0,0,0,0,0,1,1,0,0,0,0,1,0.89,579.7,0.135533333,0,0
16,CONTROL - HFD,0,0,0,0,0,0,0,0,1,1,0,0,0,0,1,0.74,398.6,0.145133333,0,0
17,CONTROL - HFD,0,0,0,0,0,0,0,0,1,1,0,0,0,0,1,0.96,699.2,0.307666667,0,0
18,CONTROL - HFD,0,0,0,0,0,0,0,0,1,1,0,0,0,0,1,0.74,245.2,0.2323,0,0
19,CONTROL - HFD,0,0,0,0,0,0,0,0,1,1,0,0,0,0,1,0.6,325.3,0.4226,0,0
20,CONTROL - HFD,0,0,0,0,0,0,0,0,1,1,0,0,0,0,1,0.74,165.3,0.1668,0,0
21,CONTROL - HFD,0,0,0,0,0,0,0,0,1,1,0,0,0,0,1,0.74,289.3,0.0726,0,0
22,CONTROL - HFD,0,0,0,0,0,0,0,0,1,1,0,0,0,0,1,0.76,304.5,0.1895,0,0
23,CONTROL - HFD,0,0,0,0,0,0,0,0,1,1,0,0,1,0,0,1,706.3,0.4267,0,0
24,CONTROL - HFD,0,0,0,0,0,0,0,0,1,1,0,0,0,0,1,0.64,404.7,0.16,0,0
25,CONTROL - HFD,0,0,0,0,0,0,0,0,1,1,0,0,0,0,1,0.79,398.5,0.08,0,0
26,CONTROL - HFD,0,0,0,0,0,0,0,0,1,1,0,0,0,0,1,0.82,652.3,0.09,0,0
27,CONTROL - HFD,0,0,0,0,0,0,0,0,1,1,0,0,0,0,1,0.7,174.3,0.1,0,0
28,CONTROL - HFD,0,0,0,0,0,0,0,0,1,1,0,0,0,0,1,0.7,268.5,0.19,0,0
29,CONTROL - HFD,0,0,0,0,0,0,0,0,1,1,0,0,0,0,1,0.73,587.1,0.25,0,0
1,PSS  - Food Deprivation before trauma,1,0,0,0,0,0,0,0,1,0,1,0,1,0,0,1,714.8,0.55,0,0
2,PSS  - Food Deprivation before trauma,1,0,0,0,0,0,0,0,1,0,1,0,0,0,1,0.67,325.3,0.051333333,0,0
3,PSS  - Food Deprivation before trauma,1,0,0,0,0,0,0,0,1,0,1,0,0,0,1,0.86,785.2,0.143,0,0
4,PSS  - Food Deprivation before trauma,1,0,0,0,0,0,0,0,1,0,1,0,0,0,1,0.83,359.6,0.114133333,0,0
5,PSS  - Food Deprivation before trauma,1,0,0,0,0,0,0,0,1,0,1,0,0,0,1,0.88,648.5,0.151866667,0,0
6,PSS  - Food Deprivation before trauma,1,0,0,0,0,0,0,0,1,0,1,0,1,0,0,1,985.3,0.26,0,0
7,PSS  - Food Deprivation before trauma,1,0,0,0,0,0,0,0,1,0,1,0,1,0,0,1,719.3,0.31,0,0
8,PSS  - Food Deprivation before trauma,1,0,0,0,0,0,0,0,1,0,1,0,1,0,0,1,850,0.3,0,0
9,PSS  - Food Deprivation before trauma,1,0,0,0,0,0,0,0,1,0,1,0,0,0,1,0.85,514.3,0.148933333,0,0
10,PSS  - Food Deprivation before trauma,1,0,0,0,0,0,0,0,1,0,1,0,1,0,0,1,1024.5,0.42,0,0
11,PSS  - Food Deprivation before trauma,1,0,0,0,0,0,0,0,1,0,1,0,0,0,1,0.83,517.2,0.054366667,0,0
12,PSS  - Food Deprivation before trauma,1,0,0,0,0,0,0,0,1,0,1,0,0,0,1,0.54,431.6,0.030441667,0,0
13,PSS  - Food Deprivation before trauma,1,0,0,0,0,0,0,0,1,0,1,0,0,0,1,0.9,574.2,0.043775,0,0
14,PSS  - Food Deprivation before trauma,1,0,0,0,0,0,0,0,1,0,1,0,0,0,1,0.94,685.2,0.068766667,0,0
15,PSS  - Food Deprivation before trauma,1,0,0,0,0,0,0,0,1,0,1,0,0,0,1,0.92,688.4,0.10375,0,0
16,PSS  - Food Deprivation before trauma,1,0,0,0,0,0,0,0,1,0,1,0,0,0,1,0.89,508.9,0.194205,0,0
17,PSS  - Food Deprivation before trauma,1,0,0,0,0,0,0,0,1,0,1,0,0,0,1,0.67,473.3,0.175441667,0,0
18,PSS  - Food Deprivation before trauma,1,0,0,0,0,0,0,0,1,0,1,0,0,0,1,0.93,505.1,0.162108333,0,0
19,PSS  - Food Deprivation before trauma,1,0,0,0,0,0,0,0,1,0,1,0,0,1,0,0.51,449.2,0.10375,0,0
20,PSS  - Food Deprivation before trauma,1,0,0,0,0,0,0,0,1,0,1,0,0,0,1,0.58,502.2,0.2921,0,0
21,PSS  - Food Deprivation before trauma,1,0,0,0,0,0,0,0,1,0,1,0,0,0,1,1,584.3,0.22375,0,0
22,PSS  - Food Deprivation before trauma,1,0,0,0,0,0,0,0,1,0,1,0,0,0,1,0.85,625.5,0.215066667,0,0
23,PSS  - Food Deprivation before trauma,1,0,0,0,0,0,0,0,1,0,1,0,0,0,1,0.81,685.3,0.214466667,0,0
24,PSS  - Food Deprivation before trauma,1,0,0,0,0,0,0,0,1,0,1,0,0,0,1,0.79,758.3,0.159133333,0,0
25,PSS  - Food Deprivation before trauma,1,0,0,0,0,0,0,0,1,0,1,0,0,0,1,0.78,623.1,0.133266667,0,0
26,PSS  - Food Deprivation before trauma,1,0,0,0,0,0,0,0,1,0,1,0,0,0,1,0.75,625.3,0.140266667,0,0
27,PSS  - Food Deprivation before trauma,1,0,0,0,0,0,0,0,1,0,1,0,0,0,1,0.77,481.3,0.1702,0,0
28,PSS  - Food Deprivation before trauma,1,0,0,0,0,0,0,0,1,0,1,0,0,0,1,0.79,685.3,0.189666667,0,0
29,PSS  - Food Deprivation before trauma,1,0,0,0,0,0,0,0,1,0,1,0,0,0,1,0.83,473.2,0.181333333,0,0
30,PSS  - Food Deprivation before trauma,1,0,0,0,0,0,0,0,1,0,1,0,1,0,0,1,718.5,0.31,0,0
1,CONTROL - FOOD DEPRIVATION,0,0,0,0,0,0,0,0,1,0,1,0,0,1,0,0.54,85.6,0.1732,0,0
2,CONTROL - FOOD DEPRIVATION,0,0,0,0,0,0,0,0,1,0,1,0,0,0,1,0.49,496.1,0.10875,0,0
3,CONTROL - FOOD DEPRIVATION,0,0,0,0,0,0,0,0,1,0,1,0,0,1,0,0.56,68.5,0.140441667,0,0
4,CONTROL - FOOD DEPRIVATION,0,0,0,0,0,0,0,0,1,0,1,0,0,0,1,0.39,217.7,0.23705,0,0
5,CONTROL - FOOD DEPRIVATION,0,0,0,0,0,0,0,0,1,0,1,0,0,0,1,0.4,49.6,0.21035,0,0
6,CONTROL - FOOD DEPRIVATION,0,0,0,0,0,0,0,0,1,0,1,0,0,1,0,0.64,198.3,0.198866667,0,0
7,CONTROL - FOOD DEPRIVATION,0,0,0,0,0,0,0,0,1,0,1,0,0,1,0,0.68,76.3,0.2127,0,0
8,CONTROL - FOOD DEPRIVATION,0,0,0,0,0,0,0,0,1,0,1,0,0,1,0,0.7,86.3,0.33,0,0
9,CONTROL - FOOD DEPRIVATION,0,0,0,0,0,0,0,0,1,0,1,0,0,1,0,0.66,106.9,0.25,0,0
10,CONTROL - FOOD DEPRIVATION,0,0,0,0,0,0,0,0,1,0,1,0,0,1,0,0.46,115,0.142266667,0,0
11,CONTROL - FOOD DEPRIVATION,0,0,0,0,0,0,0,0,1,0,1,0,0,1,0,0.58,127.6,0.213266667,0,0
12,CONTROL - FOOD DEPRIVATION,0,0,0,0,0,0,0,0,1,0,1,0,0,0,1,0.22,67.2,0.176533333,0,0
13,CONTROL - FOOD DEPRIVATION,0,0,0,0,0,0,0,0,1,0,1,0,0,0,1,0.45,88.6,0.204733333,0,0
14,CONTROL - FOOD DEPRIVATION,0,0,0,0,0,0,0,0,1,0,1,0,0,1,0,0.61,129.3,0.31,0,0
15,CONTROL - FOOD DEPRIVATION,0,0,0,0,0,0,0,0,1,0,1,0,0,0,1,0.15,94.2,0.194066667,0,0
16,CONTROL - FOOD DEPRIVATION,0,0,0,0,0,0,0,0,1,0,1,0,0,0,1,0.58,122.5,0.1746,0,0
17,CONTROL - FOOD DEPRIVATION,0,0,0,0,0,0,0,0,1,0,1,0,0,0,1,0.32,86.6,0.151466667,0,0
18,CONTROL - FOOD DEPRIVATION,0,0,0,0,0,0,0,0,1,0,1,0,0,0,1,0.42,265.3,0.1734,0,0
19,CONTROL - FOOD DEPRIVATION,0,0,0,0,0,0,0,0,1,0,1,0,0,1,0,0.74,184.3,0.32,0,0
20,CONTROL - FOOD DEPRIVATION,0,0,0,0,0,0,0,0,1,0,1,0,0,1,0,0.59,76.5,0.16249,0,0
21,CONTROL - FOOD DEPRIVATION,0,0,0,0,0,0,0,0,1,0,1,0,0,0,1,0.49,94.3,0.12218,0,0
22,CONTROL - FOOD DEPRIVATION,0,0,0,0,0,0,0,0,1,0,1,0,0,1,0,0.52,106.3,0.16268,0,0